tract_to_msamd_income,rate_spread,population,minority_population,number_of_owner_occupied_units,number_of_1_to_4_family_units,loan_amount_000s,hud_median_family_income,applicant_income_000s,state_name,state_abbr,sequence_number,respondent_id,purchaser_type_name,property_type_name,preapproval_name,owner_occupancy_name,msamd_name,loan_type_name,loan_purpose_name,lien_status_name,hoepa_status_name,edit_status_name,denial_reason_name_3,denial_reason_name_2,denial_reason_name_1,county_name,co_applicant_sex_name,co_applicant_race_name_5,co_applicant_race_name_4,co_applicant_race_name_3,co_applicant_race_name_2,co_applicant_race_name_1,co_applicant_ethnicity_name,census_tract_number,as_of_year,application_date_indicator,applicant_sex_name,applicant_race_name_5,applicant_race_name_4,applicant_race_name_3,applicant_race_name_2,applicant_race_name_1,applicant_ethnicity_name,agency_name,agency_abbr,action_taken_name
63.9700012207031,"",4340,59.0299987792969,815,1618,120,60700,30,California,CA,399940,0000451965,Ginnie Mae (GNMA),Manufactured housing,Not applicable,Owner-occupied as a principal dwelling,"Riverside, San Bernardino, Ontario - CA",VA-guaranteed,Home purchase,Secured by a first lien,Not a HOEPA loan,"","","","",Riverside County,No co-applicant,"","","","",No co-applicant,No co-applicant,438.13,2014,0,Male,"","","","",White,Not Hispanic or Latino,Consumer Financial Protection Bureau,CFPB,Loan originated
185.100006103516,"",2869,22.9300003051758,841,1032,626,107100,"",District of Columbia,DC,13983,0000504713,Freddie Mac (FHLMC),One-to-four family dwelling (other than manufactured housing),Not applicable,Owner-occupied as a principal dwelling,"Washington, Arlington, Alexandria - DC, VA, MD, WV",Conventional,Home purchase,Not applicable,Not a HOEPA loan,"","","","",District of Columbia,Not applicable,"","","","",Not applicable,Not applicable,8.02,2014,2,Not applicable,"","","","",Not applicable,Not applicable,Consumer Financial Protection Bureau,CFPB,Loan purchased by the institution
101.540000915527,"",2817,26.2299995422363,765,986,170,81200,101,Wisconsin,WI,54,0000002476,Loan was not originated or was not sold in calendar year covered by register,One-to-four family dwelling (other than manufactured housing),Not applicable,Owner-occupied as a principal dwelling,Madison - WI,Conventional,Refinancing,Secured by a first lien,Not a HOEPA loan,"","","","",Dane County,Male,"","","","",White,Not Hispanic or Latino,105.01,2014,0,Female,"","","","",White,Not Hispanic or Latino,Federal Deposit Insurance Corporation,FDIC,Application withdrawn by applicant
115.199996948242,"",4306,7.78000020980835,1302,1777,48,68800,52,Missouri,MO,1037,0000001467,Freddie Mac (FHLMC),One-to-four family dwelling (other than manufactured housing),Not applicable,Owner-occupied as a principal dwelling,Columbia - MO,Conventional,Refinancing,Secured by a first lien,Not a HOEPA loan,"","","","",Boone County,Male,"","","","",White,Not Hispanic or Latino,17.02,2014,0,Female,"","","","",White,Not Hispanic or Latino,Office of the Comptroller of the Currency,OCC,Loan originated
83.6600036621094,51.86,2811,48.310001373291,657,1421,3,57100,43,Mississippi,MS,302,27-4588183,Loan was not originated or was not sold in calendar year covered by register,One-to-four family dwelling (other than manufactured housing),Preapproval was not requested,Owner-occupied as a principal dwelling,"Gulfport, Biloxi, Pascagoula - MS",Conventional,Home purchase,Secured by a subordinate lien,Not a HOEPA loan,Quality edit failure only,"","","",Harrison County,No co-applicant,"","","","",No co-applicant,No co-applicant,19,2014,0,Male,"","","","",White,Not Hispanic or Latino,Department of Housing and Urban Development,HUD,Loan originated
94.120002746582,01.63,4453,4.57999992370605,1445,2016,150,49500,65,North Carolina,NC,23449,0001189117,Loan was not originated or was not sold in calendar year covered by register,One-to-four family dwelling (other than manufactured housing),Not applicable,Owner-occupied as a principal dwelling,"",Conventional,Home purchase,Secured by a first lien,Not a HOEPA loan,"","","","",Wilkes County,Female,"","","","",White,Not Hispanic or Latino,9608.02,2014,0,Male,"","","","",White,Not Hispanic or Latino,Consumer Financial Protection Bureau,CFPB,Loan originated
71.120002746582,"",5235,56.3499984741211,835,1424,159,60700,46,California,CA,331868,0000451965,Fannie Mae (FNMA),One-to-four family dwelling (other than manufactured housing),Not applicable,Owner-occupied as a principal dwelling,"Riverside, San Bernardino, Ontario - CA",Conventional,Home purchase,Secured by a first lien,Not a HOEPA loan,"","","","",San Bernardino County,Female,"","","","",White,Hispanic or Latino,100.19,2014,0,Male,"","","","",White,Hispanic or Latino,Consumer Financial Protection Bureau,CFPB,Loan originated
101.169998168945,"",4151,67.4100036621094,920,1669,58,50000,18,Georgia,GA,344,0000020134,Loan was not originated or was not sold in calendar year covered by register,One-to-four family dwelling (other than manufactured housing),Not applicable,Not owner-occupied as a principal dwelling,Hinesville - GA,Conventional,Refinancing,Secured by a first lien,Not a HOEPA loan,"","","","",Liberty County,Female,"","","","",Asian,Not Hispanic or Latino,102.02,2014,0,Male,"","","",White,Asian,Not Hispanic or Latino,Federal Deposit Insurance Corporation,FDIC,Loan originated
104.849998474121,"",1188,26.1800003051758,274,826,35,57600,65,Colorado,CO,20959,22-3554558,Loan was not originated or was not sold in calendar year covered by register,Manufactured housing,Not applicable,Not owner-occupied as a principal dwelling,"",Conventional,Refinancing,Secured by a first lien,Not a HOEPA loan,"","","","",Archuleta County,No co-applicant,"","","","",No co-applicant,No co-applicant,9404,2014,0,Male,"","","","",White,Not Hispanic or Latino,Department of Housing and Urban Development,HUD,Application withdrawn by applicant
139.949996948242,"",3417,41.5900001525879,948,960,228,68900,"",New Jersey,NJ,202291,0000852218,Fannie Mae (FNMA),One-to-four family dwelling (other than manufactured housing),Not applicable,Owner-occupied as a principal dwelling,"New York, Jersey City, White Plains - NY, NJ",Conventional,Refinancing,Not applicable,Not a HOEPA loan,"","","","",Middlesex County,Not applicable,"","","","",Not applicable,Not applicable,17.02,2014,2,Not applicable,"","","","",Not applicable,Not applicable,Consumer Financial Protection Bureau,CFPB,Loan purchased by the institution
112.01000213623,"",5113,25.5400009155273,1433,1898,128,61900,26,Arizona,AZ,139526,22-3039688,Loan was not originated or was not sold in calendar year covered by register,One-to-four family dwelling (other than manufactured housing),Not applicable,Owner-occupied as a principal dwelling,"Phoenix, Mesa, Scottsdale - AZ",Conventional,Refinancing,Secured by a first lien,Not a HOEPA loan,"","","","",Maricopa County,No co-applicant,"","","","",No co-applicant,No co-applicant,4225.09,2014,0,Male,"","","","",White,Not Hispanic or Latino,Department of Housing and Urban Development,HUD,Loan originated
105.389999389648,"",4181,16.4099998474121,1334,1927,104,53900,"",Michigan,MI,8429,68-0309242,Ginnie Mae (GNMA),One-to-four family dwelling (other than manufactured housing),Not applicable,Owner-occupied as a principal dwelling,"",VA-guaranteed,Refinancing,Secured by a first lien,Not a HOEPA loan,Quality edit failure only,"","","",Newaygo County,Female,"","","","",White,Not Hispanic or Latino,9711,2014,0,Male,"","","","",White,Not Hispanic or Latino,Department of Housing and Urban Development,HUD,Loan originated
88.0299987792969,"",6382,34.3800010681152,922,1667,185,67400,31,Nevada,NV,4332,0000276579,"Commercial bank, savings bank or savings association",One-to-four family dwelling (other than manufactured housing),Not applicable,Owner-occupied as a principal dwelling,Carson City - NV,VA-guaranteed,Home purchase,Not applicable,Not a HOEPA loan,"","","","",Carson City,Female,"","","","",White,Not Hispanic or Latino,6,2014,2,Male,"","","","",White,Not Hispanic or Latino,Consumer Financial Protection Bureau,CFPB,Loan purchased by the institution
56.6500015258789,"",2844,61.4300003051758,567,911,245,107100,84,Virginia,VA,30690,0000501105,Loan was not originated or was not sold in calendar year covered by register,One-to-four family dwelling (other than manufactured housing),Preapproval was not requested,Owner-occupied as a principal dwelling,"Washington, Arlington, Alexandria - DC, VA, MD, WV",Conventional,Home purchase,Secured by a first lien,Not a HOEPA loan,"","","","",Alexandria city,No co-applicant,"","","","",No co-applicant,No co-applicant,2012.04,2014,0,Female,"","","","",White,Not Hispanic or Latino,Consumer Financial Protection Bureau,CFPB,Loan originated
123.319999694824,"",4327,9.85000038146973,1631,2407,300,54800,"",Arizona,AZ,82859,26-2049351,Ginnie Mae (GNMA),One-to-four family dwelling (other than manufactured housing),Not applicable,Owner-occupied as a principal dwelling,Prescott - AZ,VA-guaranteed,Home purchase,Not applicable,Not a HOEPA loan,"","","","",Yavapai County,Not applicable,"","","","",Not applicable,Not applicable,10.01,2014,2,Not applicable,"","","","",Not applicable,Not applicable,Department of Housing and Urban Development,HUD,Loan purchased by the institution
76.4000015258789,"",4492,4.09999990463257,1121,1977,90,54200,51,Kentucky,KY,2268,61-1306242,"Commercial bank, savings bank or savings association",One-to-four family dwelling (other than manufactured housing),Not applicable,Owner-occupied as a principal dwelling,Bowling Green - KY,FSA/RHS-guaranteed,Home purchase,Secured by a first lien,Not a HOEPA loan,"","","","",Allen County,Female,"","","","",White,Not Hispanic or Latino,9204,2014,0,Male,"","","","",White,Not Hispanic or Latino,Department of Housing and Urban Development,HUD,Loan originated
189.589996337891,"",3613,24.8500003814697,1132,1234,529,94800,152,California,CA,6193,37-1493496,Fannie Mae (FNMA),One-to-four family dwelling (other than manufactured housing),Not applicable,Owner-occupied as a principal dwelling,"San Francisco, Redwood City, South San Francisco - CA",Conventional,Refinancing,Secured by a first lien,Not a HOEPA loan,"","","","",San Mateo County,Female,"","","","",Asian,Not Hispanic or Latino,6065,2014,0,Male,"","","","",White,Not Hispanic or Latino,Department of Housing and Urban Development,HUD,Loan originated
103.519996643066,"",5857,4.73000001907349,1717,2140,6,62900,42,New York,NY,3172,0000501105,Loan was not originated or was not sold in calendar year covered by register,One-to-four family dwelling (other than manufactured housing),Not applicable,Owner-occupied as a principal dwelling,Binghamton - NY,Conventional,Home improvement,Not secured by a lien,Not a HOEPA loan,"","","","",Broome County,Female,"","","","",White,Not Hispanic or Latino,126,2014,0,Male,"","","","",White,Not Hispanic or Latino,Consumer Financial Protection Bureau,CFPB,File closed for incompleteness
137.490005493164,"",7103,51.3600006103516,1834,2207,50,60600,118,California,CA,1093,0000001999,Loan was not originated or was not sold in calendar year covered by register,One-to-four family dwelling (other than manufactured housing),Not applicable,Owner-occupied as a principal dwelling,"Los Angeles, Long Beach, Glendale - CA",Conventional,Home improvement,Secured by a subordinate lien,Not a HOEPA loan,"","","","",Los Angeles County,Male,"","","","",White,Not Hispanic or Latino,9102.1,2014,0,Female,"","","","",White,Not Hispanic or Latino,National Credit Union Administration,NCUA,Loan originated
77.1800003051758,"",2776,44.4199981689453,547,819,164,70300,33,California,CA,133,0000068429,Loan was not originated or was not sold in calendar year covered by register,One-to-four family dwelling (other than manufactured housing),Preapproval was requested,Owner-occupied as a principal dwelling,Napa - CA,Conventional,Home purchase,Secured by a first lien,Not a HOEPA loan,"","","","",Napa County,No co-applicant,"","","","",No co-applicant,No co-applicant,2007.05,2014,0,Female,"","","","",White,"Information not provided by applicant in mail, Internet, or telephone application",National Credit Union Administration,NCUA,Application approved but not accepted
152.710006713867,"",6850,33.939998626709,1570,1819,203,60700,85,California,CA,18077,42-1739728,Freddie Mac (FHLMC),One-to-four family dwelling (other than manufactured housing),Not applicable,Owner-occupied as a principal dwelling,"Riverside, San Bernardino, Ontario - CA",Conventional,Refinancing,Not applicable,Not a HOEPA loan,"","","","",Riverside County,No co-applicant,"","","","",No co-applicant,No co-applicant,506,2014,2,Male,"","","","",Asian,Not Hispanic or Latino,Department of Housing and Urban Development,HUD,Loan purchased by the institution
108.650001525879,"",14446,14.0500001907349,3483,4362,80,66400,70,Louisiana,LA,78972,41-1795868,Loan was not originated or was not sold in calendar year covered by register,One-to-four family dwelling (other than manufactured housing),Not applicable,Owner-occupied as a principal dwelling,Baton Rouge - LA,Conventional,Refinancing,Secured by a first lien,Not a HOEPA loan,"","","",Other,Livingston Parish,No co-applicant,"","","","",No co-applicant,No co-applicant,408.04,2014,0,Male,"","","","",White,Not Hispanic or Latino,Department of Housing and Urban Development,HUD,Application denied by financial institution
193.770004272461,"",8823,23.9300003051758,2368,2910,750,72700,210,California,CA,13883,23-2470039,"Commercial bank, savings bank or savings association",One-to-four family dwelling (other than manufactured housing),Not applicable,Owner-occupied as a principal dwelling,"San Diego, Carlsbad - CA",Conventional,Refinancing,Secured by a first lien,Not a HOEPA loan,"","","","",San Diego County,Female,"","","","",White,Not Hispanic or Latino,170.29,2014,0,Male,"","","","",White,Not Hispanic or Latino,Department of Housing and Urban Development,HUD,Loan originated
161.259994506836,"",3237,7.78000020980835,968,1430,172,53900,78,North Carolina,NC,9190,43-1965151,Other type of purchaser,One-to-four family dwelling (other than manufactured housing),Preapproval was not requested,Owner-occupied as a principal dwelling,Burlington - NC,VA-guaranteed,Home purchase,Secured by a first lien,Not a HOEPA loan,"","","","",Alamance County,No co-applicant,"","","","",No co-applicant,No co-applicant,217.01,2014,0,Male,"","","","",White,Not Hispanic or Latino,Department of Housing and Urban Development,HUD,Loan originated
151.740005493164,"",3267,7.98999977111816,1087,1233,197,83500,20,Maryland,MD,83153,75-2921540,Freddie Mac (FHLMC),One-to-four family dwelling (other than manufactured housing),Not applicable,Owner-occupied as a principal dwelling,"Baltimore, Columbia, Towson - MD",Conventional,Refinancing,Secured by a first lien,Not a HOEPA loan,"","","","",Baltimore County,"Information not provided by applicant in mail, Internet, or telephone application","","","","","Information not provided by applicant in mail, Internet, or telephone application","Information not provided by applicant in mail, Internet, or telephone application",4070.01,2014,0,"Information not provided by applicant in mail, Internet, or telephone application","","","","","Information not provided by applicant in mail, Internet, or telephone application","Information not provided by applicant in mail, Internet, or telephone application",Department of Housing and Urban Development,HUD,Loan originated
108.629997253418,"",3001,3.67000007629395,1054,1805,41,47100,91,Tennessee,TN,2149,0000008663,Loan was not originated or was not sold in calendar year covered by register,One-to-four family dwelling (other than manufactured housing),Not applicable,Not owner-occupied as a principal dwelling,"",Conventional,Refinancing,Secured by a first lien,Not a HOEPA loan,"","","","",Decatur County,No co-applicant,"","","","",No co-applicant,No co-applicant,9551.02,2014,0,Female,"","","","",White,Not Hispanic or Latino,Federal Deposit Insurance Corporation,FDIC,Loan originated
68.3099975585938,"",6650,98.8300018310547,1097,1332,90,39000,42,Texas,TX,196062,75-2921540,Loan was not originated or was not sold in calendar year covered by register,One-to-four family dwelling (other than manufactured housing),Not applicable,Not owner-occupied as a principal dwelling,Laredo - TX,Conventional,Refinancing,Secured by a first lien,Not a HOEPA loan,"","","","",Webb County,No co-applicant,"","","","",No co-applicant,No co-applicant,18.14,2014,0,Female,"","","","",White,Hispanic or Latino,Department of Housing and Urban Development,HUD,Application denied by financial institution
136.589996337891,"",7244,12.4200000762939,2096,2578,142,57200,"",South Carolina,SC,96446,22-3039688,Ginnie Mae (GNMA),One-to-four family dwelling (other than manufactured housing),Not applicable,Owner-occupied as a principal dwelling,"Greenville, Anderson, Mauldin - SC",FHA-insured,Home purchase,Not applicable,Not a HOEPA loan,"","","","",Anderson County,Not applicable,"","","","",Not applicable,Not applicable,101.03,2014,2,Not applicable,"","","","",Not applicable,Not applicable,Department of Housing and Urban Development,HUD,Loan purchased by the institution
96.8000030517578,"",3315,37.560001373291,500,594,217,61900,106,Arizona,AZ,7866,0542409990,"Commercial bank, savings bank or savings association",One-to-four family dwelling (other than manufactured housing),Preapproval was not requested,Not owner-occupied as a principal dwelling,"Phoenix, Mesa, Scottsdale - AZ",Conventional,Home purchase,Secured by a first lien,Not a HOEPA loan,"","","","",Maricopa County,Female,"","","","",White,"Information not provided by applicant in mail, Internet, or telephone application",610.31,2014,0,Male,"","","","",White,Not Hispanic or Latino,Department of Housing and Urban Development,HUD,Loan originated
80.0299987792969,"",5385,27.4799995422363,1232,2311,78,54000,47,Arkansas,AR,5202,75-2725402,"Life insurance company, credit union, mortgage bank, or finance company",One-to-four family dwelling (other than manufactured housing),Not applicable,Owner-occupied as a principal dwelling,"Texarkana - TX, AR",FSA/RHS-guaranteed,Home purchase,Secured by a first lien,Not a HOEPA loan,"","","","",Little River County,No co-applicant,"","","","",No co-applicant,No co-applicant,301.02,2014,0,Male,"","","","",White,Not Hispanic or Latino,Department of Housing and Urban Development,HUD,Loan originated
105.470001220703,"",5114,25.6200008392334,365,1484,500,64500,225,Florida,FL,3625,20-3702275,"Commercial bank, savings bank or savings association",One-to-four family dwelling (other than manufactured housing),Not applicable,Owner-occupied as a principal dwelling,"Crestview, Fort Walton Beach, Destin - FL",Conventional,Home purchase,Secured by a first lien,Not a HOEPA loan,"","","","",Okaloosa County,Female,"","","","",White,Not Hispanic or Latino,208,2014,0,Male,"","","","",White,Not Hispanic or Latino,Department of Housing and Urban Development,HUD,Loan originated
135.699996948242,"",4313,19.5,1480,1620,700,88700,216,California,CA,381923,0000451965,Loan was not originated or was not sold in calendar year covered by register,One-to-four family dwelling (other than manufactured housing),Not applicable,Owner-occupied as a principal dwelling,"Oxnard, Thousand Oaks, Ventura - CA",Conventional,Home purchase,Secured by a first lien,Not a HOEPA loan,"","","","",Ventura County,No co-applicant,"","","","",No co-applicant,No co-applicant,72.02,2014,0,Male,"","","","",White,Not Hispanic or Latino,Consumer Financial Protection Bureau,CFPB,Loan originated
119.150001525879,"",5095,17.2299995422363,1498,1958,197,59500,59,Florida,FL,64034,0000233031,Ginnie Mae (GNMA),One-to-four family dwelling (other than manufactured housing),Preapproval was not requested,Owner-occupied as a principal dwelling,Panama City - FL,VA-guaranteed,Home purchase,Secured by a first lien,Not a HOEPA loan,"","","","",Bay County,Female,"","","","",White,Not Hispanic or Latino,13.01,2014,0,Male,"","","","",White,Not Hispanic or Latino,Consumer Financial Protection Bureau,CFPB,Loan originated
124.629997253418,"",3459,26.1900005340576,1115,1097,238,83900,62,Minnesota,MN,288,41-1718186,"Commercial bank, savings bank or savings association",One-to-four family dwelling (other than manufactured housing),Preapproval was requested,Owner-occupied as a principal dwelling,"Minneapolis, St. Paul, Bloomington - MN, WI",FHA-insured,Home purchase,Secured by a first lien,Not a HOEPA loan,"","","","",Dakota County,No co-applicant,"","","","",No co-applicant,No co-applicant,607.48,2014,0,Male,"","","","",White,Not Hispanic or Latino,Department of Housing and Urban Development,HUD,Loan originated
111.879997253418,"",4948,7.80000019073486,1258,1567,312,67000,125,Washington,WA,135850,7197000003,Ginnie Mae (GNMA),One-to-four family dwelling (other than manufactured housing),Not applicable,Owner-occupied as a principal dwelling,"Tacoma, Lakewood - WA",FHA-insured,Refinancing,Secured by a first lien,Not a HOEPA loan,"","","","",Pierce County,No co-applicant,"","","","",No co-applicant,No co-applicant,702.07,2014,0,Female,"","","","",White,Not Hispanic or Latino,Department of Housing and Urban Development,HUD,Loan originated
67.129997253418,"",3675,53.25,926,1357,3,59200,118,Oklahoma,OK,2438,0000311845,Loan was not originated or was not sold in calendar year covered by register,One-to-four family dwelling (other than manufactured housing),Not applicable,Owner-occupied as a principal dwelling,Tulsa - OK,Conventional,Home improvement,Not secured by a lien,Not a HOEPA loan,"","","","",Tulsa County,No co-applicant,"","","","",No co-applicant,No co-applicant,73.1,2014,0,Male,"","","","","Information not provided by applicant in mail, Internet, or telephone application",Hispanic or Latino,Consumer Financial Protection Bureau,CFPB,Application denied by financial institution
159.360000610352,"",5667,12.9899997711182,1868,1966,122,70300,38,Wisconsin,WI,63,0000035043,Loan was not originated or was not sold in calendar year covered by register,One-to-four family dwelling (other than manufactured housing),Not applicable,Owner-occupied as a principal dwelling,"Milwaukee, Waukesha, West Allis - WI",Conventional,Home purchase,Secured by a first lien,Not a HOEPA loan,"","","","",Waukesha County,No co-applicant,"","","","",No co-applicant,No co-applicant,2005,2014,0,Male,"","","","",White,Not Hispanic or Latino,Federal Deposit Insurance Corporation,FDIC,Application withdrawn by applicant
72.1999969482422,"",3323,10.4399995803833,860,1104,158,95400,44,Pennsylvania,PA,191434,0000480228,Loan was not originated or was not sold in calendar year covered by register,One-to-four family dwelling (other than manufactured housing),Not applicable,Owner-occupied as a principal dwelling,"Montgomery County, Bucks County, Chester County - PA",FHA-insured,Home purchase,Not applicable,Not a HOEPA loan,"","","","",Chester County,No co-applicant,"","","","",No co-applicant,No co-applicant,3011,2014,2,Male,"","","","",White,Not Hispanic or Latino,Consumer Financial Protection Bureau,CFPB,Loan purchased by the institution
65.379997253418,"",2695,6.34999990463257,964,1556,79,83900,"",Minnesota,MN,96712,22-3039688,Loan was not originated or was not sold in calendar year covered by register,One-to-four family dwelling (other than manufactured housing),Not applicable,Owner-occupied as a principal dwelling,"Minneapolis, St. Paul, Bloomington - MN, WI",VA-guaranteed,Refinancing,Secured by a first lien,Not a HOEPA loan,Quality edit failure only,"","","",Mille Lacs County,Female,"","","","",White,Not Hispanic or Latino,9703,2014,0,Male,"","","","",White,Not Hispanic or Latino,Department of Housing and Urban Development,HUD,Application withdrawn by applicant
79.25,"",3703,7.13000011444092,1214,1644,255,77900,161,Massachusetts,MA,189,0000026523,Loan was not originated or was not sold in calendar year covered by register,One-to-four family dwelling (other than manufactured housing),Not applicable,Owner-occupied as a principal dwelling,"Worcester - MA, CT",Conventional,Refinancing,Secured by a first lien,Not a HOEPA loan,"","","","",Worcester County,Male,"","","","",White,Not Hispanic or Latino,7033,2014,0,Female,"","","","",White,Not Hispanic or Latino,Federal Deposit Insurance Corporation,FDIC,Application denied by financial institution
124.389999389648,"",2966,22.4500007629395,765,1059,306,62900,84,Florida,FL,121269,0000480228,Freddie Mac (FHLMC),One-to-four family dwelling (other than manufactured housing),Not applicable,Owner-occupied as a principal dwelling,"Naples, Immokalee, Marco Island - FL",Conventional,Home purchase,Secured by a first lien,Not a HOEPA loan,"","","","",Collier County,No co-applicant,"","","","",No co-applicant,No co-applicant,104.08,2014,0,Male,"","","","",White,Not Hispanic or Latino,Consumer Financial Protection Bureau,CFPB,Loan originated
71.2300033569336,"",5518,41.2599983215332,1308,1660,250,75800,46,North Carolina,NC,3075,22-3887207,Loan was not originated or was not sold in calendar year covered by register,One-to-four family dwelling (other than manufactured housing),Not applicable,Owner-occupied as a principal dwelling,Raleigh - NC,VA-guaranteed,Refinancing,Secured by a first lien,Not a HOEPA loan,"","","","",Wake County,Female,"","","","",Black or African American,Not Hispanic or Latino,540.01,2014,0,"Information not provided by applicant in mail, Internet, or telephone application","","","","","Information not provided by applicant in mail, Internet, or telephone application","Information not provided by applicant in mail, Internet, or telephone application",Department of Housing and Urban Development,HUD,Application denied by financial institution
103.830001831055,"",3238,27.4599990844727,986,1204,195,61900,67,Arizona,AZ,5721,42-1720343,Loan was not originated or was not sold in calendar year covered by register,One-to-four family dwelling (other than manufactured housing),Preapproval was not requested,Owner-occupied as a principal dwelling,"Phoenix, Mesa, Scottsdale - AZ",Conventional,Home purchase,Secured by a first lien,Not a HOEPA loan,"","","","",Maricopa County,No co-applicant,"","","","",No co-applicant,No co-applicant,4205.04,2014,0,Female,"","","","",White,Not Hispanic or Latino,Department of Housing and Urban Development,HUD,File closed for incompleteness
185.539993286133,"",5486,16.8400001525879,1600,1779,250,61400,229,Oklahoma,OK,9584,7810600004,Fannie Mae (FNMA),One-to-four family dwelling (other than manufactured housing),Not applicable,Owner-occupied as a principal dwelling,Oklahoma City - OK,Conventional,Home purchase,Secured by a first lien,Not a HOEPA loan,"","","","",Oklahoma County,Female,"","","","","Information not provided by applicant in mail, Internet, or telephone application","Information not provided by applicant in mail, Internet, or telephone application",1092.01,2014,0,Male,"","","","","Information not provided by applicant in mail, Internet, or telephone application","Information not provided by applicant in mail, Internet, or telephone application",Department of Housing and Urban Development,HUD,Loan originated
71.5800018310547,"",4994,47.0400009155273,1233,1644,106,78800,"",Delaware,DE,17720,0000451965,Loan was not originated or was not sold in calendar year covered by register,One-to-four family dwelling (other than manufactured housing),Not applicable,Owner-occupied as a principal dwelling,"Wilmington - DE, MD, NJ",FHA-insured,Refinancing,Not applicable,Not a HOEPA loan,"","","","",New Castle County,Not applicable,"","","","",Not applicable,Not applicable,107.02,2014,2,Not applicable,"","","","",Not applicable,Not applicable,Consumer Financial Protection Bureau,CFPB,Loan purchased by the institution
184.600006103516,"",11296,48.5699996948242,2705,3268,207,68400,142,Texas,TX,894316,0000451965,Freddie Mac (FHLMC),One-to-four family dwelling (other than manufactured housing),Not applicable,Owner-occupied as a principal dwelling,"Houston, The Woodlands, Sugar Land - TX",Conventional,Home purchase,Not applicable,Not a HOEPA loan,"","","","",Harris County,Female,"","","","",White,Hispanic or Latino,2520,2014,2,Male,"","","","",White,Not Hispanic or Latino,Consumer Financial Protection Bureau,CFPB,Loan purchased by the institution
138.729995727539,"",9691,9.35999965667725,2705,2953,147,56800,53,Indiana,IN,479,0000991340,Fannie Mae (FNMA),One-to-four family dwelling (other than manufactured housing),Preapproval was not requested,Owner-occupied as a principal dwelling,"Elkhart, Goshen - IN",Conventional,Home purchase,Secured by a first lien,Not a HOEPA loan,"","","","",Elkhart County,No co-applicant,"","","","",No co-applicant,No co-applicant,6,2014,0,Male,"","","","",White,Not Hispanic or Latino,Federal Reserve System,FRS,Loan originated
217.179992675781,"",3830,16.2900009155273,1274,1585,1500,57400,464,Florida,FL,62394,0000852320,Loan was not originated or was not sold in calendar year covered by register,One-to-four family dwelling (other than manufactured housing),Not applicable,Owner-occupied as a principal dwelling,"Tampa, St. Petersburg, Clearwater - FL",Conventional,Home purchase,Secured by a first lien,Not a HOEPA loan,"","","",Debt-to-income ratio,Hillsborough County,No co-applicant,"","","","",No co-applicant,No co-applicant,64,2014,0,Male,"","","","",White,Not Hispanic or Latino,Consumer Financial Protection Bureau,CFPB,Application denied by financial institution
88.1100006103516,"",4589,21.5499992370605,1016,1499,148,70000,35,Colorado,CO,2464,22-3887207,Loan was not originated or was not sold in calendar year covered by register,One-to-four family dwelling (other than manufactured housing),Not applicable,Owner-occupied as a principal dwelling,Colorado Springs - CO,VA-guaranteed,Refinancing,Secured by a first lien,Not a HOEPA loan,"","","","",El Paso County,No co-applicant,"","","","",No co-applicant,No co-applicant,24,2014,0,Female,"","","","",White,Not Hispanic or Latino,Department of Housing and Urban Development,HUD,Application denied by financial institution
100.959999084473,"",4280,4.36999988555908,1507,2021,179,50600,111,Virginia,VA,358954,7197000003,Loan was not originated or was not sold in calendar year covered by register,One-to-four family dwelling (other than manufactured housing),Not applicable,Owner-occupied as a principal dwelling,"Kingsport, Bristol, Bristol - TN, VA",Conventional,Refinancing,Secured by a first lien,Not a HOEPA loan,"","","",Credit history,Washington County,"Information not provided by applicant in mail, Internet, or telephone application","","","","","Information not provided by applicant in mail, Internet, or telephone application","Information not provided by applicant in mail, Internet, or telephone application",106.01,2014,0,"Information not provided by applicant in mail, Internet, or telephone application","","","","","Information not provided by applicant in mail, Internet, or telephone application","Information not provided by applicant in mail, Internet, or telephone application",Department of Housing and Urban Development,HUD,Application denied by financial institution
142.050003051758,"",3441,9.88000011444092,1003,1170,189,57500,51,Texas,TX,1899,76-0454396,Other type of purchaser,One-to-four family dwelling (other than manufactured housing),Preapproval was not requested,Owner-occupied as a principal dwelling,"Beaumont, Port Arthur - TX",FSA/RHS-guaranteed,Home purchase,Secured by a first lien,Not a HOEPA loan,"","","","",Orange County,No co-applicant,"","","","",No co-applicant,No co-applicant,222,2014,0,Male,"","","","",White,Not Hispanic or Latino,Department of Housing and Urban Development,HUD,Loan originated
111.319999694824,"",7626,12.5100002288818,2625,2883,200,69400,136,Ohio,OH,23063,0000012311,Loan was not originated or was not sold in calendar year covered by register,One-to-four family dwelling (other than manufactured housing),Not applicable,Owner-occupied as a principal dwelling,Columbus - OH,Conventional,Refinancing,Secured by a first lien,Not a HOEPA loan,"","","",Collateral,Franklin County,"Information not provided by applicant in mail, Internet, or telephone application","","","","","Information not provided by applicant in mail, Internet, or telephone application","Information not provided by applicant in mail, Internet, or telephone application",79.33,2014,0,"Information not provided by applicant in mail, Internet, or telephone application","","","","","Information not provided by applicant in mail, Internet, or telephone application","Information not provided by applicant in mail, Internet, or telephone application",Consumer Financial Protection Bureau,CFPB,Application denied by financial institution
115.080001831055,"",6000,4,1952,2554,120,78300,75,New York,NY,540,0000707635,Loan was not originated or was not sold in calendar year covered by register,One-to-four family dwelling (other than manufactured housing),Not applicable,Owner-occupied as a principal dwelling,"Albany, Schenectady, Troy - NY",Conventional,Refinancing,Secured by a first lien,Not a HOEPA loan,"","","","",Rensselaer County,No co-applicant,"","","","",No co-applicant,No co-applicant,522.03,2014,0,Female,"","","","",White,Not Hispanic or Latino,Office of the Comptroller of the Currency,OCC,Loan originated
107.860000610352,"",3501,40.5,696,866,344,72700,"",California,CA,67073,26-2049351,Ginnie Mae (GNMA),One-to-four family dwelling (other than manufactured housing),Not applicable,Owner-occupied as a principal dwelling,"San Diego, Carlsbad - CA",FHA-insured,Home purchase,Not applicable,Not a HOEPA loan,"","","","",San Diego County,Not applicable,"","","","",Not applicable,Not applicable,208.05,2014,2,Not applicable,"","","","",Not applicable,Not applicable,Department of Housing and Urban Development,HUD,Loan purchased by the institution
94.0899963378906,"",4775,7.6399998664856,1240,1904,177,58300,"",Montana,MT,4655,0000023049,"Life insurance company, credit union, mortgage bank, or finance company",One-to-four family dwelling (other than manufactured housing),Not applicable,Owner-occupied as a principal dwelling,"",VA-guaranteed,Refinancing,Secured by a first lien,Not a HOEPA loan,Quality edit failure only,"","","",Silver Bow County,Female,"","","","",White,Not Hispanic or Latino,6,2014,0,Male,"","","","",White,Not Hispanic or Latino,Office of the Comptroller of the Currency,OCC,Loan originated
52.5200004577637,"",3954,83.9899978637695,1071,1670,3,69700,27,Alabama,AL,3273,0000007544,Loan was not originated or was not sold in calendar year covered by register,One-to-four family dwelling (other than manufactured housing),Not applicable,Owner-occupied as a principal dwelling,Huntsville - AL,Conventional,Home improvement,Not secured by a lien,Not a HOEPA loan,"","",Other,Credit history,Madison County,No co-applicant,"","","","",No co-applicant,No co-applicant,3.01,2014,0,Male,"","","","",Black or African American,Not Hispanic or Latino,National Credit Union Administration,NCUA,Application denied by financial institution
132.559997558594,"",4131,6.26999998092651,1464,1606,342,77900,129,Massachusetts,MA,181,0000707794,Fannie Mae (FNMA),One-to-four family dwelling (other than manufactured housing),Preapproval was requested,Owner-occupied as a principal dwelling,"Worcester - MA, CT",Conventional,Home purchase,Secured by a first lien,Not a HOEPA loan,"","","","",Worcester County,Female,"","","","",White,Not Hispanic or Latino,7121.02,2014,0,Male,"","","","",White,Not Hispanic or Latino,Office of the Comptroller of the Currency,OCC,Loan originated
94.0299987792969,"",6489,31.8700008392334,1514,1778,144,71000,69,Utah,UT,4071,87-0676486,Loan was not originated or was not sold in calendar year covered by register,One-to-four family dwelling (other than manufactured housing),Not applicable,Owner-occupied as a principal dwelling,Salt Lake City - UT,Conventional,Refinancing,Secured by a first lien,Not a HOEPA loan,"","","",Credit history,Salt Lake County,Male,"","","","",White,Not Hispanic or Latino,1135.21,2014,0,Female,"","","","",White,Not Hispanic or Latino,Department of Housing and Urban Development,HUD,Application denied by financial institution
121.360000610352,"",7400,67.0500030517578,1558,2388,122,58900,76,Texas,TX,314,0000005750,"Commercial bank, savings bank or savings association",One-to-four family dwelling (other than manufactured housing),Preapproval was requested,Owner-occupied as a principal dwelling,"Killeen, Temple - TX",VA-guaranteed,Home purchase,Secured by a first lien,Not a HOEPA loan,"","","","",Bell County,Female,"","","","",White,Not Hispanic or Latino,224.04,2014,0,Male,"","","","",White,Not Hispanic or Latino,Office of the Comptroller of the Currency,OCC,Loan originated
161.259994506836,"",6765,50.5800018310547,1681,2155,360,58200,190,California,CA,201770,26-4599244,Fannie Mae (FNMA),One-to-four family dwelling (other than manufactured housing),Preapproval was requested,Owner-occupied as a principal dwelling,"Stockton, Lodi - CA",Conventional,Home purchase,Secured by a first lien,Not a HOEPA loan,"","","","",San Joaquin County,No co-applicant,"","","","",No co-applicant,No co-applicant,52.02,2014,0,Female,"","","","",White,Not Hispanic or Latino,Department of Housing and Urban Development,HUD,Loan originated
82.0500030517578,"",6611,6.30999994277954,2429,2945,121,63800,99,Michigan,MI,3153,38-2750395,Fannie Mae (FNMA),One-to-four family dwelling (other than manufactured housing),Not applicable,Owner-occupied as a principal dwelling,Monroe - MI,Conventional,Refinancing,Secured by a first lien,Not a HOEPA loan,"","","","",Monroe County,No co-applicant,"","","","",No co-applicant,No co-applicant,8312,2014,0,Female,"","","","",White,Not Hispanic or Latino,Department of Housing and Urban Development,HUD,Loan originated
150.440002441406,01.78,8778,18.4400005340576,2345,2446,452,68900,149,New Jersey,NJ,931,75-3170028,Ginnie Mae (GNMA),One-to-four family dwelling (other than manufactured housing),Not applicable,Owner-occupied as a principal dwelling,"New York, Jersey City, White Plains - NY, NJ",FHA-insured,Home purchase,Secured by a first lien,Not a HOEPA loan,"","","","",Ocean County,No co-applicant,"","","","",No co-applicant,No co-applicant,7171.01,2014,0,Female,"","","","",White,Not Hispanic or Latino,Department of Housing and Urban Development,HUD,Loan originated
163.320007324219,"",3462,27.6100006103516,943,1238,432,72700,"",California,CA,73075,0000504713,Loan was not originated or was not sold in calendar year covered by register,One-to-four family dwelling (other than manufactured housing),Not applicable,Owner-occupied as a principal dwelling,"San Diego, Carlsbad - CA",VA-guaranteed,Refinancing,Not applicable,Not a HOEPA loan,"","","","",San Diego County,Not applicable,"","","","",Not applicable,Not applicable,83.44,2014,2,Not applicable,"","","","",Not applicable,Not applicable,Consumer Financial Protection Bureau,CFPB,Loan purchased by the institution
149.089996337891,"",5223,41.9300003051758,1346,1625,307,60600,96,California,CA,139597,0000480228,Fannie Mae (FNMA),One-to-four family dwelling (other than manufactured housing),Not applicable,Owner-occupied as a principal dwelling,"Los Angeles, Long Beach, Glendale - CA",Conventional,Refinancing,Secured by a first lien,Not a HOEPA loan,"","","","",Los Angeles County,Female,"","","","","Information not provided by applicant in mail, Internet, or telephone application",Hispanic or Latino,9102.02,2014,0,Male,"","","","",White,Not Hispanic or Latino,Consumer Financial Protection Bureau,CFPB,Loan originated
96.1800003051758,"",9585,15.5699996948242,2614,3954,104,68700,"",Texas,TX,3291,0000004166,Other type of purchaser,One-to-four family dwelling (other than manufactured housing),Not applicable,Owner-occupied as a principal dwelling,"Fort Worth, Arlington - TX",Conventional,Refinancing,Secured by a first lien,Not a HOEPA loan,Quality edit failure only,"","","",Parker County,No co-applicant,"","","","",No co-applicant,No co-applicant,1406.02,2014,0,Female,"","","","",White,Not Hispanic or Latino,Office of the Comptroller of the Currency,OCC,Loan originated
141.449996948242,"",9884,7.55999994277954,2930,3271,62,67900,104,Indiana,IN,15738,34-1194858,Fannie Mae (FNMA),One-to-four family dwelling (other than manufactured housing),Not applicable,Owner-occupied as a principal dwelling,"Indianapolis, Carmel, Anderson - IN",Conventional,Home purchase,Secured by a first lien,Not a HOEPA loan,"","","","",Hendricks County,No co-applicant,"","","","",No co-applicant,No co-applicant,2106.05,2014,0,Male,"","","","",White,Not Hispanic or Latino,Department of Housing and Urban Development,HUD,Loan originated
109.839996337891,"",5245,16.0699996948242,1537,1825,10,90800,174,New York,NY,9320,0000517900,Loan was not originated or was not sold in calendar year covered by register,One-to-four family dwelling (other than manufactured housing),Not applicable,Owner-occupied as a principal dwelling,"Dutchess County, Putnam County - NY",Conventional,Home improvement,Not secured by a lien,Not a HOEPA loan,"","","","",Putnam County,Male,"","","","",White,Not Hispanic or Latino,111,2014,0,Female,"","","","",White,Not Hispanic or Latino,Consumer Financial Protection Bureau,CFPB,Loan originated
148.759994506836,"",2722,24.4300003051758,954,1428,250,61800,104,Florida,FL,103234,0000146672,Freddie Mac (FHLMC),One-to-four family dwelling (other than manufactured housing),Not applicable,Owner-occupied as a principal dwelling,"Fort Lauderdale, Pompano Beach, Deerfield Beach - FL",Conventional,Refinancing,Secured by a first lien,Not a HOEPA loan,Quality edit failure only,"","","",Broward County,No co-applicant,"","","","",No co-applicant,No co-applicant,407.01,2014,0,Male,"","","","",White,Not Hispanic or Latino,Consumer Financial Protection Bureau,CFPB,Loan originated
116.720001220703,"",11151,63.8899993896484,2155,2727,212,68400,82,Texas,TX,888426,0000451965,Ginnie Mae (GNMA),One-to-four family dwelling (other than manufactured housing),Not applicable,Owner-occupied as a principal dwelling,"Houston, The Woodlands, Sugar Land - TX",FHA-insured,Home purchase,Not applicable,Not a HOEPA loan,"","","","",Fort Bend County,Female,"","","","",White,Not Hispanic or Latino,6755,2014,2,Male,"","","","",White,Not Hispanic or Latino,Consumer Financial Protection Bureau,CFPB,Loan purchased by the institution
82.1100006103516,"",3215,6.78000020980835,823,1427,81,74600,38,Maine,ME,7301,01-0464609,Loan was not originated or was not sold in calendar year covered by register,One-to-four family dwelling (other than manufactured housing),Not applicable,Owner-occupied as a principal dwelling,"Portland, South Portland - ME",FSA/RHS-guaranteed,Home purchase,Secured by a first lien,Not a HOEPA loan,"","","","",York County,No co-applicant,"","","","",No co-applicant,No co-applicant,302.01,2014,0,Male,"","","","",White,Not Hispanic or Latino,Department of Housing and Urban Development,HUD,Application denied by financial institution
134.470001220703,"",4475,51.2000007629395,629,695,1260,60600,336,California,CA,19181,0000025080,Loan was not originated or was not sold in calendar year covered by register,One-to-four family dwelling (other than manufactured housing),Not applicable,Owner-occupied as a principal dwelling,"Los Angeles, Long Beach, Glendale - CA",Conventional,Home purchase,Secured by a first lien,Not a HOEPA loan,"","","","",Los Angeles County,Male,"","","","",White,Not Hispanic or Latino,2716,2014,0,Female,"","","","",White,Not Hispanic or Latino,Office of the Comptroller of the Currency,OCC,Loan originated
,"",,,,,147,,56,"","",176965,0000504713,Loan was not originated or was not sold in calendar year covered by register,One-to-four family dwelling (other than manufactured housing),Preapproval was requested,Owner-occupied as a principal dwelling,"",FHA-insured,Home purchase,Secured by a first lien,Not a HOEPA loan,"","","",Credit application incomplete,"",No co-applicant,"","","","",No co-applicant,No co-applicant,,2014,0,Male,"","","","",White,Hispanic or Latino,Consumer Financial Protection Bureau,CFPB,Preapproval request denied by financial institution
177.25,"",4626,5.01999998092651,1451,1705,2,59400,"",Tennessee,TN,434092,0000852218,Loan was not originated or was not sold in calendar year covered by register,One-to-four family dwelling (other than manufactured housing),Not applicable,Not owner-occupied as a principal dwelling,Knoxville - TN,Conventional,Home purchase,Not applicable,Not a HOEPA loan,Quality edit failure only,"","","",Knox County,Not applicable,"","","","",Not applicable,Not applicable,57.01,2014,2,Not applicable,"","","","",Not applicable,Not applicable,Consumer Financial Protection Bureau,CFPB,Loan purchased by the institution
97.6699981689453,"",6531,2.91000008583069,2032,2398,117,68700,52,Pennsylvania,PA,2207,0000035095,"Commercial bank, savings bank or savings association",One-to-four family dwelling (other than manufactured housing),Not applicable,Owner-occupied as a principal dwelling,"York, Hanover - PA",FSA/RHS-guaranteed,Home purchase,Secured by a first lien,Not a HOEPA loan,Quality edit failure only,"","","",York County,Female,"","","","",White,Not Hispanic or Latino,217.12,2014,0,Male,"","","",White,Native Hawaiian or Other Pacific Islander,Not Hispanic or Latino,Federal Deposit Insurance Corporation,FDIC,Loan originated
138.679992675781,"",2749,6.03999996185303,477,886,30,61900,72,Iowa,IA,2422,0000064418,Loan was not originated or was not sold in calendar year covered by register,One-to-four family dwelling (other than manufactured housing),Not applicable,Owner-occupied as a principal dwelling,"Waterloo, Cedar Falls - IA",Conventional,Refinancing,Secured by a subordinate lien,Not a HOEPA loan,"","","","",Black Hawk County,Female,"","","","",White,Not Hispanic or Latino,23.04,2014,0,Male,"","","","",White,Not Hispanic or Latino,National Credit Union Administration,NCUA,Application withdrawn by applicant
105.790000915527,"",10170,75.3399963378906,2005,2647,114,58800,"",Texas,TX,39719,22-3039688,Ginnie Mae (GNMA),One-to-four family dwelling (other than manufactured housing),Not applicable,Not owner-occupied as a principal dwelling,"San Antonio, New Braunfels - TX",VA-guaranteed,Refinancing,Secured by a first lien,Not a HOEPA loan,Quality edit failure only,"","","",Bexar County,No co-applicant,"","","","",No co-applicant,No co-applicant,1817.28,2014,0,Male,"","","","","Information not provided by applicant in mail, Internet, or telephone application","Information not provided by applicant in mail, Internet, or telephone application",Department of Housing and Urban Development,HUD,Loan originated
134.100006103516,"",4183,46.2599983215332,682,746,170,69100,145,Texas,TX,662812,0000451965,Freddie Mac (FHLMC),One-to-four family dwelling (other than manufactured housing),Not applicable,Owner-occupied as a principal dwelling,"Dallas, Plano, Irving - TX",Conventional,Home purchase,Not applicable,Not a HOEPA loan,"","","","",Collin County,No co-applicant,"","","","",No co-applicant,No co-applicant,305.22,2014,2,Male,"","","","",White,Not Hispanic or Latino,Consumer Financial Protection Bureau,CFPB,Loan purchased by the institution
101.379997253418,"",8748,49.9799995422363,1786,2142,186,68700,84,Texas,TX,7316,75-2725402,"Life insurance company, credit union, mortgage bank, or finance company",One-to-four family dwelling (other than manufactured housing),Not applicable,Owner-occupied as a principal dwelling,"Fort Worth, Arlington - TX",FHA-insured,Home purchase,Secured by a first lien,Not a HOEPA loan,"","","","",Tarrant County,No co-applicant,"","","","",No co-applicant,No co-applicant,1102.03,2014,0,Male,"","","","",White,Not Hispanic or Latino,Department of Housing and Urban Development,HUD,Loan originated
83,"",9914,91.0599975585938,1577,2118,153,68400,105,Texas,TX,53109,0000852218,Loan was not originated or was not sold in calendar year covered by register,One-to-four family dwelling (other than manufactured housing),Not applicable,Not owner-occupied as a principal dwelling,"Houston, The Woodlands, Sugar Land - TX",Conventional,Home purchase,Secured by a first lien,Not a HOEPA loan,"","","",Credit application incomplete,Harris County,Female,"","","","",Asian,Not Hispanic or Latino,3341,2014,0,Male,"","","","",Asian,Not Hispanic or Latino,Consumer Financial Protection Bureau,CFPB,Application denied by financial institution
105.459999084473,"",4636,99.1999969482422,913,699,57,26300,26,Puerto Rico,PR,4050,0000022946,Loan was not originated or was not sold in calendar year covered by register,One-to-four family dwelling (other than manufactured housing),Not applicable,Owner-occupied as a principal dwelling,"San Juan, Carolina, Caguas - PR",Conventional,Refinancing,Secured by a first lien,Not a HOEPA loan,"","","","",San Juan Municipio,No co-applicant,"","","","",No co-applicant,No co-applicant,52.14,2014,0,Female,"","","","","Information not provided by applicant in mail, Internet, or telephone application",Hispanic or Latino,Federal Deposit Insurance Corporation,FDIC,File closed for incompleteness
70.3499984741211,"",2956,43.810001373291,534,1029,240,54000,190,California,CA,357,0000021943,Freddie Mac (FHLMC),One-to-four family dwelling (other than manufactured housing),Not applicable,Owner-occupied as a principal dwelling,Chico - CA,Conventional,Home purchase,Secured by a first lien,Not a HOEPA loan,"","","","",Butte County,Female,"","","","",White,Not Hispanic or Latino,34,2014,0,Male,"","","","",White,Not Hispanic or Latino,Federal Deposit Insurance Corporation,FDIC,Loan originated
57.7999992370605,"",3962,70.75,578,1057,417,107100,135,District of Columbia,DC,1583,41-2259092,Loan was not originated or was not sold in calendar year covered by register,One-to-four family dwelling (other than manufactured housing),Not applicable,Not owner-occupied as a principal dwelling,"Washington, Arlington, Alexandria - DC, VA, MD, WV",Conventional,Refinancing,Secured by a first lien,Not a HOEPA loan,"","","","",District of Columbia,Female,"","","","",White,Not Hispanic or Latino,29,2014,0,Male,"","","","",White,Not Hispanic or Latino,Department of Housing and Urban Development,HUD,Application withdrawn by applicant
112.800003051758,"",5059,29.4099998474121,1547,2050,136,58000,57,Nevada,NV,2405,38-2749215,Loan was not originated or was not sold in calendar year covered by register,One-to-four family dwelling (other than manufactured housing),Preapproval was requested,Owner-occupied as a principal dwelling,"Las Vegas, Henderson, Paradise - NV",Conventional,Home purchase,Secured by a first lien,Not a HOEPA loan,"","","","",Clark County,No co-applicant,"","","","",No co-applicant,No co-applicant,53.15,2014,0,Female,"","","","",Black or African American,Not Hispanic or Latino,Department of Housing and Urban Development,HUD,Application denied by financial institution
82.9400024414062,"",10534,31.5900001525879,2158,3879,151,68800,60,Alabama,AL,230677,0000504713,Loan was not originated or was not sold in calendar year covered by register,One-to-four family dwelling (other than manufactured housing),Not applicable,Owner-occupied as a principal dwelling,"Daphne, Fairhope, Foley - AL",Conventional,Refinancing,Secured by a first lien,Not a HOEPA loan,Quality edit failure only,"","",Collateral,Baldwin County,No co-applicant,"","","","",No co-applicant,No co-applicant,115.02,2014,0,Female,"","","","",White,Not Hispanic or Latino,Consumer Financial Protection Bureau,CFPB,Application denied by financial institution
39.3300018310547,"",4234,34.4799995422363,529,1899,10,54700,35,California,CA,780,0000066357,Loan was not originated or was not sold in calendar year covered by register,One-to-four family dwelling (other than manufactured housing),Not applicable,Owner-occupied as a principal dwelling,"",Conventional,Refinancing,Secured by a subordinate lien,Not a HOEPA loan,"","","",Credit history,Lake County,No co-applicant,"","","","",No co-applicant,No co-applicant,8.02,2014,0,Female,"","","","","Information not provided by applicant in mail, Internet, or telephone application",Hispanic or Latino,National Credit Union Administration,NCUA,Application denied by financial institution
94.5199966430664,"",5100,18.7999992370605,1153,1838,80,57200,170,Kentucky,KY,280,0000012166,Loan was not originated or was not sold in calendar year covered by register,One-to-four family dwelling (other than manufactured housing),Not applicable,Not owner-occupied as a principal dwelling,"Elizabethtown, Fort Knox - KY",Conventional,Home purchase,Secured by a first lien,Not a HOEPA loan,"","","","",Hardin County,Female,"","","","",White,Not Hispanic or Latino,13,2014,0,Male,"","","","",White,Not Hispanic or Latino,Federal Deposit Insurance Corporation,FDIC,Application approved but not accepted
99.5599975585938,"",3670,59.0200004577637,872,360,30,68900,33,New York,NY,6721,0000497404,Loan was not originated or was not sold in calendar year covered by register,One-to-four family dwelling (other than manufactured housing),Not applicable,Owner-occupied as a principal dwelling,"New York, Jersey City, White Plains - NY, NJ",Conventional,Home improvement,Not secured by a lien,Not a HOEPA loan,"","","",Debt-to-income ratio,Queens County,No co-applicant,"","","","",No co-applicant,No co-applicant,295,2014,0,Male,"","","","",Asian,Not Hispanic or Latino,Consumer Financial Protection Bureau,CFPB,Application denied by financial institution
75.879997253418,"",5830,77.8600006103516,711,1225,138,60700,55,California,CA,22081,7811300008,Loan was not originated or was not sold in calendar year covered by register,One-to-four family dwelling (other than manufactured housing),Not applicable,Owner-occupied as a principal dwelling,"Riverside, San Bernardino, Ontario - CA",Conventional,Home purchase,Secured by a first lien,Not a HOEPA loan,"","","","",Riverside County,No co-applicant,"","","","",No co-applicant,No co-applicant,414.07,2014,0,Male,"","","","",White,Hispanic or Latino,Department of Housing and Urban Development,HUD,File closed for incompleteness
80.5299987792969,"",2366,0.850000023841858,738,1141,25,54100,104,Pennsylvania,PA,5725,0000379920,Loan was not originated or was not sold in calendar year covered by register,One-to-four family dwelling (other than manufactured housing),Not applicable,Owner-occupied as a principal dwelling,"",Conventional,Home improvement,Not secured by a lien,Not a HOEPA loan,"","","",Credit history,Clearfield County,No co-applicant,"","","","",No co-applicant,No co-applicant,3319,2014,0,Male,"","","","",White,Not Hispanic or Latino,Consumer Financial Protection Bureau,CFPB,Application denied by financial institution
106.050003051758,"",7489,25.0100002288818,2096,3049,222,65400,72,Florida,FL,907799,0000451965,Ginnie Mae (GNMA),One-to-four family dwelling (other than manufactured housing),Not applicable,Owner-occupied as a principal dwelling,Gainesville - FL,VA-guaranteed,Home purchase,Not applicable,Not a HOEPA loan,"","","","",Alachua County,No co-applicant,"","","","",No co-applicant,No co-applicant,18.01,2014,2,Male,"","","","",Native Hawaiian or Other Pacific Islander,Hispanic or Latino,Consumer Financial Protection Bureau,CFPB,Loan purchased by the institution
157.779998779297,"",4988,19.9699993133545,1533,1693,131,70100,39,Georgia,GA,743,1910500003,Loan was not originated or was not sold in calendar year covered by register,One-to-four family dwelling (other than manufactured housing),Not applicable,Owner-occupied as a principal dwelling,"Atlanta, Sandy Springs, Roswell - GA",VA-guaranteed,Refinancing,Secured by a first lien,Not a HOEPA loan,"","","","",Cobb County,No co-applicant,"","","","",No co-applicant,No co-applicant,302.35,2014,0,Male,"","","","",White,Not Hispanic or Latino,Department of Housing and Urban Development,HUD,Application withdrawn by applicant
83.0100021362305,"",8428,86.0500030517578,1620,2093,90,68400,36,Texas,TX,191012,75-2921540,Loan was not originated or was not sold in calendar year covered by register,One-to-four family dwelling (other than manufactured housing),Not applicable,Owner-occupied as a principal dwelling,"Houston, The Woodlands, Sugar Land - TX",Conventional,Refinancing,Secured by a first lien,Not a HOEPA loan,"","","","",Harris County,Female,"","","","",Black or African American,Not Hispanic or Latino,2502,2014,0,Male,"","","","",Black or African American,Not Hispanic or Latino,Department of Housing and Urban Development,HUD,Application denied by financial institution
82.8099975585938,"",2820,85.3199996948242,670,1043,77,68700,168,Texas,TX,246110,0000480228,Loan was not originated or was not sold in calendar year covered by register,One-to-four family dwelling (other than manufactured housing),Not applicable,Not owner-occupied as a principal dwelling,"Fort Worth, Arlington - TX",Conventional,Home purchase,Secured by a first lien,Not a HOEPA loan,"","","","",Tarrant County,Female,"","","","",Black or African American,Not Hispanic or Latino,1111.04,2014,0,Male,"","","","",Black or African American,Not Hispanic or Latino,Consumer Financial Protection Bureau,CFPB,Application withdrawn by applicant
92.0899963378906,"",4651,12.2799997329712,1817,2185,94,65600,68,Pennsylvania,PA,6777,0000517900,"Commercial bank, savings bank or savings association",One-to-four family dwelling (other than manufactured housing),Preapproval was not requested,Owner-occupied as a principal dwelling,Pittsburgh - PA,FHA-insured,Home purchase,Secured by a first lien,Not a HOEPA loan,"","","","",Allegheny County,No co-applicant,"","","","",No co-applicant,No co-applicant,5238,2014,0,Male,"","","","",Black or African American,Not Hispanic or Latino,Consumer Financial Protection Bureau,CFPB,Loan originated
97.9899978637695,"",5486,30.2000007629395,2037,2192,216,83500,48,Maryland,MD,18985,13-6131491,Ginnie Mae (GNMA),One-to-four family dwelling (other than manufactured housing),Preapproval was not requested,Owner-occupied as a principal dwelling,"Baltimore, Columbia, Towson - MD",FHA-insured,Home purchase,Secured by a first lien,Not a HOEPA loan,"","","","",Baltimore County,No co-applicant,"","","","",No co-applicant,No co-applicant,4404,2014,0,Male,"","","","",Black or African American,Not Hispanic or Latino,Department of Housing and Urban Development,HUD,Loan originated
102.580001831055,"",4161,18.5799999237061,1355,1700,129,68800,48,Pennsylvania,PA,957656,0000451965,Fannie Mae (FNMA),One-to-four family dwelling (other than manufactured housing),Not applicable,Owner-occupied as a principal dwelling,"Allentown, Bethlehem, Easton - PA, NJ",Conventional,Home purchase,Not applicable,Not a HOEPA loan,"","","","",Northampton County,No co-applicant,"","","","",No co-applicant,No co-applicant,175.01,2014,2,Male,"","","","",White,Not Hispanic or Latino,Consumer Financial Protection Bureau,CFPB,Loan purchased by the institution
101.309997558594,"",6212,34.1599998474121,1832,2160,129,61900,52,South Carolina,SC,1800,46-0972768,"Life insurance company, credit union, mortgage bank, or finance company",One-to-four family dwelling (other than manufactured housing),Not applicable,Not owner-occupied as a principal dwelling,"Charleston, North Charleston - SC",Conventional,Home purchase,Secured by a first lien,Not a HOEPA loan,"","","","",Dorchester County,No co-applicant,"","","","",No co-applicant,No co-applicant,108.14,2014,0,Female,"","","","",White,Not Hispanic or Latino,Department of Housing and Urban Development,HUD,Loan originated
61.8800010681152,"",5474,92.4199981689453,585,812,270,101900,71,California,CA,1775,0000019976,Fannie Mae (FNMA),One-to-four family dwelling (other than manufactured housing),Not applicable,Owner-occupied as a principal dwelling,"San Jose, Sunnyvale, Santa Clara - CA",Conventional,Home purchase,Secured by a first lien,Not a HOEPA loan,"","","","",Santa Clara County,No co-applicant,"","","","",No co-applicant,No co-applicant,5031.18,2014,0,"Information not provided by applicant in mail, Internet, or telephone application","","","","","Information not provided by applicant in mail, Internet, or telephone application","Information not provided by applicant in mail, Internet, or telephone application",National Credit Union Administration,NCUA,Loan originated
95.6800003051758,03.03,3133,1.17999994754791,1076,1525,100,50600,27,Virginia,VA,308,0000969424,Loan was not originated or was not sold in calendar year covered by register,Manufactured housing,Not applicable,Owner-occupied as a principal dwelling,"Kingsport, Bristol, Bristol - TN, VA",Conventional,Refinancing,Secured by a first lien,Not a HOEPA loan,"","","","",Washington County,Female,"","","","",White,Not Hispanic or Latino,108,2014,0,Male,"","","","",White,Not Hispanic or Latino,Federal Reserve System,FRS,Loan originated
106.180000305176,"",6878,57.2299995422363,1498,2182,100,60700,54,California,CA,3983,01-0726495,Fannie Mae (FNMA),One-to-four family dwelling (other than manufactured housing),Not applicable,Owner-occupied as a principal dwelling,"Riverside, San Bernardino, Ontario - CA",Conventional,Home purchase,Secured by a first lien,Not a HOEPA loan,"","","","",Riverside County,"Information not provided by applicant in mail, Internet, or telephone application","","","","","Information not provided by applicant in mail, Internet, or telephone application","Information not provided by applicant in mail, Internet, or telephone application",312,2014,0,"Information not provided by applicant in mail, Internet, or telephone application","","","","","Information not provided by applicant in mail, Internet, or telephone application","Information not provided by applicant in mail, Internet, or telephone application",Department of Housing and Urban Development,HUD,Loan originated
